week,year,starttime,endtime,antenna
1.0,2018,1514765400,1514801700,DSS-14
1.0,2018,1514854500,1514864100,DSS-14
1.0,2018,1515028800,1515060900,DSS-14
1.0,2018,1515082500,1515107700,DSS-14
1.0,2018,1515212400,1515239700,DSS-14
2.0,2018,1515375000,1515399300,DSS-14
2.0,2018,1515429300,1515456000,DSS-14
2.0,2018,1515629400,1515661800,DSS-14
2.0,2018,1515686400,1515706200,DSS-14
2.0,2018,1515814200,1515842700,DSS-14
2.0,2018,1515862200,1515876000,DSS-14
2.0,2018,1515894000,1515924600,DSS-14
3.0,2018,1515979200,1516010700,DSS-14
3.0,2018,1516118400,1516136400,DSS-14
3.0,2018,1516284000,1516357200,DSS-14
3.0,2018,1516421100,1516442700,DSS-14
3.0,2018,1516498800,1516527600,DSS-14
4.0,2018,1516609800,1516627800,DSS-14
4.0,2018,1516701000,1516715400,DSS-14
4.0,2018,1516758600,1516788000,DSS-14
4.0,2018,1516845600,1516874400,DSS-14
4.0,2018,1516943100,1516959000,DSS-14
4.0,2018,1517104800,1517133300,DSS-14
5.0,2018,1517191500,1517217600,DSS-14
5.0,2018,1517331600,1517392800,DSS-14
5.0,2018,1517438700,1517445900,DSS-14
5.0,2018,1517543700,1517561700,DSS-14
5.0,2018,1517626500,1517676000,DSS-14
5.0,2018,1517709900,1517734500,DSS-14
6.0,2018,1517796300,1517824500,DSS-14
6.0,2018,1517850000,1517875200,DSS-14
6.0,2018,1517875500,1517905500,DSS-14
6.0,2018,1517940000,1517993100,DSS-14
6.0,2018,1518055800,1518086700,DSS-14
6.0,2018,1518138300,1518169200,DSS-14
6.0,2018,1518222900,1518251700,DSS-14
7.0,2018,1518398100,1518408000,DSS-14
7.0,2018,1518488100,1518513900,DSS-14
7.0,2018,1518577500,1518596400,DSS-14
7.0,2018,1518660300,1518688500,DSS-14
7.0,2018,1518717600,1518735900,DSS-14
7.0,2018,1518833700,1518845700,DSS-14
7.0,2018,1518913500,1518938700,DSS-14
8.0,2018,1519056000,1519426800,DSS-14
8.0,2018,1519530000,1519551000,DSS-14
9.0,2018,1519708200,1519715700,DSS-14
9.0,2018,1519830900,1519846200,DSS-14
9.0,2018,1519874700,1519892400,DSS-14
9.0,2018,1519928100,1519948800,DSS-14
9.0,2018,1519961100,1519972800,DSS-14
9.0,2018,1520047200,1520068800,DSS-14
10.0,2018,1520216100,1520229600,DSS-14
10.0,2018,1520299200,1520328000,DSS-14
10.0,2018,1520359200,1520380800,DSS-14
10.0,2018,1520396100,1520409300,DSS-14
10.0,2018,1520487900,1520495700,DSS-14
10.0,2018,1520571600,1520581800,DSS-14
10.0,2018,1520737800,1520754000,DSS-14
11.0,2018,1520820600,1520840400,DSS-14
11.0,2018,1520880300,1520895600,DSS-14
11.0,2018,1520908800,1520926500,DSS-14
11.0,2018,1520964900,1520988300,DSS-14
11.0,2018,1520989200,1521012600,DSS-14
11.0,2018,1521079800,1521098700,DSS-14
11.0,2018,1521129600,1521151800,DSS-14
11.0,2018,1521175200,1521184800,DSS-14
12.0,2018,1521425700,1521443400,DSS-14
12.0,2018,1521472500,1521500400,DSS-14
12.0,2018,1521592500,1521616800,DSS-14
12.0,2018,1521730800,1521756000,DSS-14
12.0,2018,1521943200,1521960300,DSS-14
13.0,2018,1522035300,1522046700,DSS-14
13.0,2018,1522202700,1522220700,DSS-14
13.0,2018,1522335600,1522360800,DSS-14
13.0,2018,1522428300,1522442400,DSS-14
13.0,2018,1522468200,1522477500,DSS-14
14.0,2018,1522854000,1522882800,DSS-14
14.0,2018,1523054400,1523080500,DSS-14
14.0,2018,1523226900,1523252700,DSS-14
15.0,2018,1523292000,1523300400,DSS-14
15.0,2018,1523412900,1523441100,DSS-14
15.0,2018,1523499600,1523511300,DSS-14
15.0,2018,1523548800,1523572200,DSS-14
15.0,2018,1523726400,1523742900,DSS-14
16.0,2018,1524097800,1524126600,DSS-14
16.0,2018,1524150000,1524175200,DSS-14
16.0,2018,1524273600,1524286800,DSS-14
16.0,2018,1524348300,1524374100,DSS-14
16.0,2018,1524427800,1524459000,DSS-14
17.0,2018,1524537000,1524560700,DSS-14
17.0,2018,1524609900,1524631500,DSS-14
17.0,2018,1524700800,1524720600,DSS-14
17.0,2018,1524754800,1524780000,DSS-14
17.0,2018,1524867000,1524888600,DSS-14
18.0,2018,1525106400,1525129200,DSS-14
18.0,2018,1525141800,1525158000,DSS-14
18.0,2018,1525214700,1525229100,DSS-14
18.0,2018,1525306800,1525320600,DSS-14
18.0,2018,1525360200,1525387200,DSS-14
18.0,2018,1525457400,1525467600,DSS-14
18.0,2018,1525485600,1525493100,DSS-14
18.0,2018,1525638600,1525664700,DSS-14
19.0,2018,1525915500,1525925700,DSS-14
19.0,2018,1525964400,1525989600,DSS-14
19.0,2018,1526046300,1526058000,DSS-14
19.0,2018,1526180700,1526193300,DSS-14
20.0,2018,1526485200,1526510400,DSS-14
20.0,2018,1526597100,1526604300,DSS-14
21.0,2018,1527033600,1527055200,DSS-14
21.0,2018,1527175200,1527199200,DSS-14
21.0,2018,1527340200,1527363600,DSS-14
21.0,2018,1527432600,1527454800,DSS-14
22.0,2018,1527605100,1527617700,DSS-14
22.0,2018,1527775200,1527818400,DSS-14
22.0,2018,1527837900,1527847200,DSS-14
23.0,2018,1528070400,1528083000,DSS-14
23.0,2018,1528152300,1528159500,DSS-14
23.0,2018,1528244700,1528257300,DSS-14
23.0,2018,1528433100,1528445700,DSS-14
23.0,2018,1528542900,1528556100,DSS-14
24.0,2018,1528716000,1528728600,DSS-14
24.0,2018,1528801200,1528814700,DSS-14
24.0,2018,1528902000,1528927200,DSS-14
24.0,2018,1528947900,1528961100,DSS-14
24.0,2018,1529231400,1529244000,DSS-14
25.0,2018,1529334000,1529359200,DSS-14
25.0,2018,1529414400,1529427600,DSS-14
25.0,2018,1529586900,1529600100,DSS-14
25.0,2018,1529673000,1529686200,DSS-14
25.0,2018,1529759400,1529772600,DSS-14
25.0,2018,1529805900,1529818500,DSS-14
25.0,2018,1529852100,1529867400,DSS-14
26.0,2018,1529963100,1529973600,DSS-14
26.0,2018,1530025200,1530060300,DSS-14
26.0,2018,1530233400,1530244200,DSS-14
26.0,2018,1530281700,1530306000,DSS-14
26.0,2018,1530448500,1530456000,DSS-14
27.0,2018,1530630000,1530655200,DSS-14
28.0,2018,1531234800,1531263600,DSS-14
28.0,2018,1531482300,1531493700,DSS-14
28.0,2018,1531649400,1531675800,DSS-14
29.0,2018,1531753200,1531778400,DSS-14
29.0,2018,1531839600,1531874700,DSS-14
29.0,2018,1531913400,1531927800,DSS-14
29.0,2018,1532259900,1532281500,DSS-14
30.0,2018,1532430000,1532473200,DSS-14
30.0,2018,1532600400,1532626800,DSS-14
31.0,2018,1532935500,1532950200,DSS-14
31.0,2018,1532962800,1532991600,DSS-14
31.0,2018,1533002700,1533015300,DSS-14
31.0,2018,1533033300,1533051300,DSS-14
31.0,2018,1533086400,1533100500,DSS-14
31.0,2018,1533137400,1533145500,DSS-14
31.0,2018,1533222000,1533245400,DSS-14
31.0,2018,1533388200,1533396600,DSS-14
32.0,2018,1533609600,1533620700,DSS-14
32.0,2018,1533636300,1533657900,DSS-14
32.0,2018,1533834300,1533861900,DSS-14
32.0,2018,1533862200,1533876600,DSS-14
32.0,2018,1534069500,1534089600,DSS-14
33.0,2018,1534172400,1534201200,DSS-14
33.0,2018,1534258800,1534280400,DSS-14
33.0,2018,1534410600,1534431600,DSS-14
33.0,2018,1534499100,1534508100,DSS-14
34.0,2018,1534777200,1534798800,DSS-14
34.0,2018,1534930800,1534950000,DSS-14
34.0,2018,1534977900,1534992300,DSS-14
34.0,2018,1535017500,1535028300,DSS-14
34.0,2018,1535186100,1535213400,DSS-14
35.0,2018,1535365800,1535417100,DSS-14
35.0,2018,1535443500,1535458800,DSS-14
35.0,2018,1535464200,1535480400,DSS-14
35.0,2018,1535539500,1535558700,DSS-14
35.0,2018,1535616900,1535635800,DSS-14
35.0,2018,1535705400,1535726700,DSS-14
35.0,2018,1535789400,1535810100,DSS-14
35.0,2018,1535893200,1535919300,DSS-14
36.0,2018,1535965200,1535985300,DSS-14
36.0,2018,1536054600,1536098400,DSS-14
36.0,2018,1536145200,1536159600,DSS-14
36.0,2018,1536230400,1536244200,DSS-14
36.0,2018,1536306300,1536330600,DSS-14
37.0,2018,1536651900,1536664800,DSS-14
37.0,2018,1536730200,1536744900,DSS-14
37.0,2018,1536764400,1536793200,DSS-14
37.0,2018,1536821100,1536872400,DSS-14
37.0,2018,1536909300,1536934500,DSS-14
37.0,2018,1537006200,1537020900,DSS-14
37.0,2018,1537086000,1537107300,DSS-14
38.0,2018,1537224300,1537231500,DSS-14
38.0,2018,1537254000,1537308900,DSS-14
38.0,2018,1537440600,1537452300,DSS-14
39.0,2018,1537788600,1537807200,DSS-14
39.0,2018,1537871400,1537887600,DSS-14
39.0,2018,1537944300,1537953600,DSS-14
39.0,2018,1538030400,1538048700,DSS-14
39.0,2018,1538143200,1538168400,DSS-14
39.0,2018,1538206500,1538238300,DSS-14
40.0,2018,1538381100,1538401500,DSS-14
40.0,2018,1538466600,1538486700,DSS-14
40.0,2018,1538633700,1538673000,DSS-14
40.0,2018,1538726100,1538742300,DSS-14
40.0,2018,1538748000,1538773200,DSS-14
40.0,2018,1538811900,1538835000,DSS-14
40.0,2018,1538897100,1538919300,DSS-14
41.0,2018,1538984400,1539016200,DSS-14
41.0,2018,1539038700,1539045900,DSS-14
41.0,2018,1539072000,1539122400,DSS-14
41.0,2018,1539150600,1539178200,DSS-14
41.0,2018,1539243300,1539264600,DSS-14
41.0,2018,1539329700,1539351300,DSS-14
41.0,2018,1539416400,1539444300,DSS-14
42.0,2018,1539615900,1539990000,DSS-14
42.0,2018,1540020300,1540041300,DSS-14
42.0,2018,1540106100,1540127400,DSS-14
43.0,2018,1540193100,1540220400,DSS-14
43.0,2018,1540393200,1540418400,DSS-14
43.0,2018,1540452000,1540508400,DSS-14
43.0,2018,1540538400,1540558800,DSS-14
43.0,2018,1540624500,1540645200,DSS-14
43.0,2018,1540711500,1540742400,DSS-14
44.0,2018,1540797300,1540818900,DSS-14
44.0,2018,1540883700,1540904100,DSS-14
44.0,2018,1541063400,1541113200,DSS-14
44.0,2018,1541132100,1541190600,DSS-14
44.0,2018,1541229000,1541249400,DSS-14
44.0,2018,1541313900,1541335500,DSS-14
45.0,2018,1541401800,1541419500,DSS-14
45.0,2018,1541487300,1541503500,DSS-14
45.0,2018,1541692800,1541721600,DSS-14
45.0,2018,1541833500,1541860500,DSS-14
45.0,2018,1541919900,1541939700,DSS-14
46.0,2018,1542006300,1542035400,DSS-14
46.0,2018,1542178800,1542195000,DSS-14
46.0,2018,1542264000,1542292800,DSS-14
46.0,2018,1542299400,1542322800,DSS-14
46.0,2018,1542351600,1542380400,DSS-14
47.0,2018,1542645600,1542674700,DSS-14
47.0,2018,1542782400,1542808200,DSS-14
47.0,2018,1543068900,1543080900,DSS-14
48.0,2018,1543237500,1543253400,DSS-14
48.0,2018,1543322400,1543358100,DSS-14
48.0,2018,1543492200,1543512000,DSS-14
48.0,2018,1543560600,1543587900,DSS-14
48.0,2018,1543647000,1543674000,DSS-14
49.0,2018,1543856400,1543881600,DSS-14
49.0,2018,1543905900,1543932900,DSS-14
49.0,2018,1543992300,1544016900,DSS-14
49.0,2018,1544067000,1544081400,DSS-14
49.0,2018,1544165400,1544190300,DSS-14
49.0,2018,1544252100,1544276400,DSS-14
49.0,2018,1544339100,1544362500,DSS-14
50.0,2018,1544426100,1544448000,DSS-14
50.0,2018,1544481900,1544489100,DSS-14
50.0,2018,1544513100,1544536500,DSS-14
50.0,2018,1544600400,1544621400,DSS-14
50.0,2018,1544687400,1544707200,DSS-14
50.0,2018,1544799600,1544821500,DSS-14
50.0,2018,1544863200,1544879400,DSS-14
50.0,2018,1544951100,1544965800,DSS-14
51.0,2018,1545028800,1545053700,DSS-14
51.0,2018,1545114900,1545140100,DSS-14
51.0,2018,1545238800,1545264000,DSS-14
51.0,2018,1545305400,1545321600,DSS-14
51.0,2018,1545459000,1545498300,DSS-14
51.0,2018,1545546900,1545568800,DSS-14
52.0,2018,1545841500,1545855900,DSS-14
52.0,2018,1545926400,1545953100,DSS-14
1.0,2018,1515002400,1515024000,DSS-24
1.0,2018,1515032100,1515062700,DSS-24
2.0,2018,1515451500,1515458700,DSS-24
2.0,2018,1515604200,1515628800,DSS-24
2.0,2018,1515636900,1515668100,DSS-24
2.0,2018,1515686700,1515715200,DSS-24
3.0,2018,1516204800,1516230000,DSS-24
3.0,2018,1516296000,1516327500,DSS-24
4.0,2018,1516679100,1516701900,DSS-24
4.0,2018,1516758300,1516789800,DSS-24
5.0,2018,1517359500,1517391900,DSS-24
5.0,2018,1517418000,1517443200,DSS-24
6.0,2018,1517957100,1517971500,DSS-24
6.0,2018,1518190200,1518213600,DSS-24
7.0,2018,1518793200,1518818400,DSS-24
8.0,2018,1519091100,1519123500,DSS-24
8.0,2018,1519238100,1519257600,DSS-24
8.0,2018,1519339500,1519353900,DSS-24
9.0,2018,1519660800,1520035200,DSS-24
10.0,2018,1520304300,1520313300,DSS-24
10.0,2018,1520478300,1520502900,DSS-24
10.0,2018,1520619600,1520632800,DSS-24
11.0,2018,1520981100,1520988300,DSS-24
11.0,2018,1521042900,1521067500,DSS-24
11.0,2018,1521078600,1521105000,DSS-24
12.0,2018,1521648000,1521682200,DSS-24
13.0,2018,1522107300,1522147800,DSS-24
13.0,2018,1522255500,1522277100,DSS-24
13.0,2018,1522293600,1522313400,DSS-24
13.0,2018,1522368600,1522384500,DSS-24
14.0,2018,1522686000,1522708800,DSS-24
15.0,2018,1523466000,1523487600,DSS-24
15.0,2018,1523762400,1523770200,DSS-24
16.0,2018,1523991000,1524006000,DSS-24
16.0,2018,1524064500,1524090600,DSS-24
17.0,2018,1524609900,1524631500,DSS-24
17.0,2018,1524675300,1524691200,DSS-24
18.0,2018,1525100400,1525129200,DSS-24
18.0,2018,1525214700,1525229100,DSS-24
19.0,2018,1525662900,1525678200,DSS-24
19.0,2018,1525711200,1525734000,DSS-24
20.0,2018,1526349000,1526374200,DSS-24
20.0,2018,1526484900,1526509800,DSS-24
20.0,2018,1526597100,1526604300,DSS-24
21.0,2018,1527033600,1527055200,DSS-24
21.0,2018,1527091200,1527115800,DSS-24
22.0,2018,1527782100,1527803700,DSS-24
23.0,2018,1528152300,1528159500,DSS-24
24.0,2018,1528784400,1528814700,DSS-24
24.0,2018,1528815600,1528840500,DSS-24
25.0,2018,1529676900,1529681400,DSS-24
25.0,2018,1529691300,1529702100,DSS-24
26.0,2018,1530053100,1530060300,DSS-24
26.0,2018,1530203400,1530226800,DSS-24
27.0,2018,1530660300,1530681600,DSS-24
27.0,2018,1530885600,1530910800,DSS-24
28.0,2018,1531266300,1531282800,DSS-24
28.0,2018,1531334100,1531350000,DSS-24
29.0,2018,1531867500,1531874700,DSS-24
29.0,2018,1531926900,1531954800,DSS-24
30.0,2018,1532358000,1532386800,DSS-24
30.0,2018,1532534400,1532559600,DSS-24
30.0,2018,1532852400,1532865900,DSS-24
30.0,2018,1532875200,1532889600,DSS-24
31.0,2018,1533078000,1533093300,DSS-24
31.0,2018,1533135600,1533164400,DSS-24
31.0,2018,1533264000,1533280500,DSS-24
32.0,2018,1533678900,1533686100,DSS-24
32.0,2018,1533741900,1533768900,DSS-24
32.0,2018,1533817500,1533841200,DSS-24
32.0,2018,1533854700,1533861900,DSS-24
33.0,2018,1534345200,1534364700,DSS-24
34.0,2018,1534932000,1534940100,DSS-24
34.0,2018,1534950000,1534992300,DSS-24
35.0,2018,1535409900,1535417100,DSS-24
35.0,2018,1535468400,1535484900,DSS-24
35.0,2018,1535631300,1535641200,DSS-24
36.0,2018,1535972100,1535978700,DSS-24
36.0,2018,1535991600,1536006300,DSS-24
40.0,2018,1538400600,1538408100,DSS-24
40.0,2018,1538479200,1538490000,DSS-24
40.0,2018,1538578800,1538604000,DSS-24
41.0,2018,1539038700,1539045900,DSS-24
41.0,2018,1539150600,1539182100,DSS-24
42.0,2018,1539882000,1539903600,DSS-24
42.0,2018,1539957600,1539980700,DSS-24
43.0,2018,1540563300,1540592100,DSS-24
44.0,2018,1540998000,1541022300,DSS-24
45.0,2018,1541521800,1541543400,DSS-24
46.0,2018,1542380400,1542402000,DSS-24
47.0,2018,1542667500,1542674700,DSS-24
47.0,2018,1542696000,1542721800,DSS-24
48.0,2018,1543420800,1543446000,DSS-24
49.0,2018,1543870500,1543884900,DSS-24
49.0,2018,1544067000,1544081400,DSS-24
49.0,2018,1544112000,1544133600,DSS-24
50.0,2018,1544481900,1544489100,DSS-24
50.0,2018,1544508900,1544536200,DSS-24
50.0,2018,1544636100,1544657400,DSS-24
51.0,2018,1545405600,1545428700,DSS-24
52.0,2018,1545840000,1545861600,DSS-24
1.0,2018,1514864100,1514888400,DSS-25
1.0,2018,1515003000,1515024000,DSS-25
2.0,2018,1515451500,1515489000,DSS-25
2.0,2018,1515513600,1515542400,DSS-25
2.0,2018,1515606300,1515667200,DSS-25
2.0,2018,1515719100,1515750600,DSS-25
2.0,2018,1515886800,1515924900,DSS-25
3.0,2018,1516212000,1516233600,DSS-25
3.0,2018,1516234200,1516266600,DSS-25
3.0,2018,1516476600,1516569600,DSS-25
4.0,2018,1516670700,1516700400,DSS-25
4.0,2018,1516986000,1517011200,DSS-25
4.0,2018,1517081400,1517196600,DSS-25
5.0,2018,1517277600,1517303700,DSS-25
5.0,2018,1517438700,1517445900,DSS-25
5.0,2018,1517504400,1517529600,DSS-25
6.0,2018,1517957100,1517971500,DSS-25
6.0,2018,1518027600,1518048000,DSS-25
6.0,2018,1518051600,1518084000,DSS-25
6.0,2018,1518195600,1518220800,DSS-25
20.0,2018,1526767200,1526800500,DSS-25
20.0,2018,1526853600,1526886900,DSS-25
21.0,2018,1527130800,1527166800,DSS-25
22.0,2018,1527634800,1527671700,DSS-25
22.0,2018,1527807600,1527844500,DSS-25
22.0,2018,1527894000,1527930900,DSS-25
23.0,2018,1528498800,1528535700,DSS-25
24.0,2018,1528833600,1528854300,DSS-25
26.0,2018,1530061200,1530087300,DSS-25
26.0,2018,1530247500,1530266100,DSS-25
26.0,2018,1530270300,1530281100,DSS-25
26.0,2018,1530486000,1530497700,DSS-25
27.0,2018,1530635400,1530650700,DSS-25
27.0,2018,1530663900,1530691800,DSS-25
27.0,2018,1530865800,1530884400,DSS-25
28.0,2018,1531154100,1531161900,DSS-25
28.0,2018,1531572600,1531594200,DSS-25
28.0,2018,1531649400,1531677600,DSS-25
29.0,2018,1531753200,1531779600,DSS-25
29.0,2018,1531867500,1531874700,DSS-25
29.0,2018,1532083500,1532100000,DSS-25
29.0,2018,1532259900,1532281500,DSS-25
30.0,2018,1532358000,1532385000,DSS-25
30.0,2018,1532530800,1532559600,DSS-25
30.0,2018,1532577900,1532610300,DSS-25
30.0,2018,1532859000,1532950800,DSS-25
31.0,2018,1532962800,1532991600,DSS-25
31.0,2018,1533165300,1533178800,DSS-25
31.0,2018,1533294300,1533310200,DSS-25
32.0,2018,1533567600,1533596400,DSS-25
32.0,2018,1533635100,1533652800,DSS-25
32.0,2018,1533854700,1533861900,DSS-25
32.0,2018,1533896700,1533920100,DSS-25
35.0,2018,1535828100,1535921700,DSS-25
36.0,2018,1535965200,1535994900,DSS-25
36.0,2018,1536145200,1536184800,DSS-25
36.0,2018,1536222900,1536249300,DSS-25
36.0,2018,1536309300,1536332400,DSS-25
36.0,2018,1536404700,1536426300,DSS-25
36.0,2018,1536478800,1536517500,DSS-25
37.0,2018,1536904200,1536936900,DSS-25
37.0,2018,1536937200,1536964800,DSS-25
37.0,2018,1537086000,1537121400,DSS-25
38.0,2018,1537196400,1537231500,DSS-25
38.0,2018,1537689600,1537739400,DSS-25
39.0,2018,1537801200,1537826400,DSS-25
39.0,2018,1538024700,1538056200,DSS-25
39.0,2018,1538206500,1538238300,DSS-25
39.0,2018,1538280900,1538352000,DSS-25
40.0,2018,1538381100,1538401500,DSS-25
40.0,2018,1538748000,1538776800,DSS-25
40.0,2018,1538817000,1538838600,DSS-25
41.0,2018,1539010800,1539045900,DSS-25
41.0,2018,1539329700,1539351300,DSS-25
42.0,2018,1539874800,1539903600,DSS-25
42.0,2018,1539925200,1539957300,DSS-25
42.0,2018,1540020300,1540041300,DSS-25
42.0,2018,1540106100,1540127400,DSS-25
43.0,2018,1540193100,1540249200,DSS-25
45.0,2018,1541649900,1541682300,DSS-25
45.0,2018,1541692800,1541713200,DSS-25
45.0,2018,1541919900,1541939700,DSS-25
46.0,2018,1542038400,1542063600,DSS-25
46.0,2018,1542174300,1542205800,DSS-25
46.0,2018,1542351600,1542380400,DSS-25
47.0,2018,1542667500,1542674700,DSS-25
47.0,2018,1542816000,1542841800,DSS-25
48.0,2018,1543248000,1543268700,DSS-25
48.0,2018,1543374900,1543407300,DSS-25
48.0,2018,1543498200,1543529700,DSS-25
48.0,2018,1543620900,1543714500,DSS-25
49.0,2018,1544067000,1544081400,DSS-25
49.0,2018,1544355300,1544367900,DSS-25
50.0,2018,1544457600,1544489100,DSS-25
50.0,2018,1544930100,1545023700,DSS-25
51.0,2018,1545235200,1545256800,DSS-25
51.0,2018,1545459000,1545483900,DSS-25
51.0,2018,1545546900,1545568800,DSS-25
52.0,2018,1545843600,1545868800,DSS-25
1.0,2018,1514908800,1514937600,DSS-26
2.0,2018,1515451500,1515458700,DSS-26
2.0,2018,1515513600,1515542400,DSS-26
2.0,2018,1515628800,1515672300,DSS-26
3.0,2018,1516118400,1516147200,DSS-26
3.0,2018,1516204800,1516233600,DSS-26
3.0,2018,1516374000,1516402800,DSS-26
4.0,2018,1516636800,1516665600,DSS-26
4.0,2018,1516676400,1516702500,DSS-26
5.0,2018,1517241600,1517266800,DSS-26
5.0,2018,1517438700,1517445900,DSS-26
5.0,2018,1517543700,1517561700,DSS-26
5.0,2018,1517619000,1517633400,DSS-26
6.0,2018,1517881500,1517911500,DSS-26
6.0,2018,1517940000,1517971500,DSS-26
6.0,2018,1518222900,1518251700,DSS-26
6.0,2018,1518301500,1518315900,DSS-26
7.0,2018,1518544800,1518566400,DSS-26
7.0,2018,1518729600,1518771600,DSS-26
7.0,2018,1518907800,1518929400,DSS-26
8.0,2018,1519339500,1519353900,DSS-26
8.0,2018,1519401900,1519426800,DSS-26
8.0,2018,1519441200,1519471800,DSS-26
8.0,2018,1519523100,1519535700,DSS-26
9.0,2018,1519706100,1519731600,DSS-26
9.0,2018,1520006400,1520024400,DSS-26
9.0,2018,1520047200,1520068800,DSS-26
9.0,2018,1520105400,1520119800,DSS-26
10.0,2018,1520354400,1520376000,DSS-26
10.0,2018,1520709000,1520723400,DSS-26
11.0,2018,1520908800,1520926500,DSS-26
11.0,2018,1520953200,1521012600,DSS-26
11.0,2018,1521090300,1521100200,DSS-26
11.0,2018,1521245700,1521267300,DSS-26
11.0,2018,1521344700,1521359100,DSS-26
12.0,2018,1521513900,1521546300,DSS-26
12.0,2018,1521735300,1521756900,DSS-26
12.0,2018,1521942000,1522024200,DSS-26
13.0,2018,1522103400,1522112400,DSS-26
13.0,2018,1522162800,1522188000,DSS-26
13.0,2018,1522352700,1522361700,DSS-26
13.0,2018,1522525500,1522541700,DSS-26
14.0,2018,1522697400,1522748400,DSS-26
14.0,2018,1522773600,1522796400,DSS-26
14.0,2018,1522906200,1522910700,DSS-26
14.0,2018,1523157300,1523171700,DSS-26
15.0,2018,1523234700,1523265300,DSS-26
15.0,2018,1523376000,1523401200,DSS-26
15.0,2018,1523591100,1523598900,DSS-26
15.0,2018,1523680500,1523694900,DSS-26
16.0,2018,1523897700,1523919600,DSS-26
16.0,2018,1524259200,1524272400,DSS-26
16.0,2018,1524348300,1524374100,DSS-26
17.0,2018,1524588300,1524631500,DSS-26
17.0,2018,1524942900,1524953700,DSS-26
18.0,2018,1525140300,1525161000,DSS-26
18.0,2018,1525214700,1525229100,DSS-26
18.0,2018,1525449600,1525474800,DSS-26
18.0,2018,1525547100,1525575300,DSS-26
18.0,2018,1525636800,1525651200,DSS-26
19.0,2018,1525797300,1525820400,DSS-26
19.0,2018,1526102100,1526116500,DSS-26
19.0,2018,1526180700,1526193300,DSS-26
20.0,2018,1526574300,1526604300,DSS-26
20.0,2018,1526748600,1526770200,DSS-26
20.0,2018,1526794200,1526799600,DSS-26
21.0,2018,1526918400,1526938200,DSS-26
21.0,2018,1527033600,1527055200,DSS-26
21.0,2018,1527092700,1527100200,DSS-26
21.0,2018,1527378000,1527392400,DSS-26
22.0,2018,1527610200,1527634800,DSS-26
22.0,2018,1527822900,1527832800,DSS-26
22.0,2018,1527954600,1527969000,DSS-26
22.0,2018,1528020900,1528091700,DSS-26
23.0,2018,1528152300,1528159500,DSS-26
23.0,2018,1528211700,1528239600,DSS-26
23.0,2018,1528399200,1528413600,DSS-26
23.0,2018,1528470000,1528512300,DSS-26
23.0,2018,1528571700,1528660500,DSS-26
24.0,2018,1528801200,1528815600,DSS-26
24.0,2018,1528989000,1529013300,DSS-26
24.0,2018,1529118900,1529133300,DSS-26
24.0,2018,1529200500,1529280900,DSS-26
25.0,2018,1529424000,1529449200,DSS-26
25.0,2018,1529758200,1529772600,DSS-26
26.0,2018,1530028800,1530076500,DSS-26
26.0,2018,1530468900,1530483300,DSS-26
27.0,2018,1530637200,1530658800,DSS-26
27.0,2018,1530921600,1530936000,DSS-26
27.0,2018,1530954300,1531094400,DSS-26
28.0,2018,1531407600,1531432500,DSS-26
28.0,2018,1531527300,1531542300,DSS-26
29.0,2018,1531824600,1531846800,DSS-26
29.0,2018,1531867500,1531874700,DSS-26
29.0,2018,1532012400,1532041200,DSS-26
29.0,2018,1532181900,1532203500,DSS-26
30.0,2018,1532474100,1532488500,DSS-26
30.0,2018,1532617200,1532646000,DSS-26
30.0,2018,1532780100,1532794500,DSS-26
30.0,2018,1532801100,1532816400,DSS-26
31.0,2018,1533049200,1533074400,DSS-26
31.0,2018,1533270600,1533301200,DSS-26
31.0,2018,1533376800,1533391200,DSS-26
32.0,2018,1533660900,1533682800,DSS-26
32.0,2018,1533760200,1533782400,DSS-26
32.0,2018,1533854700,1533876000,DSS-26
32.0,2018,1533979200,1533993000,DSS-26
32.0,2018,1534069500,1534090800,DSS-26
33.0,2018,1534345200,1534368300,DSS-26
33.0,2018,1534414800,1534431300,DSS-26
33.0,2018,1534491600,1534518000,DSS-26
33.0,2018,1534581300,1534597800,DSS-26
34.0,2018,1534929000,1534938600,DSS-26
34.0,2018,1534953600,1534992300,DSS-26
34.0,2018,1535276100,1535290500,DSS-26
35.0,2018,1535409900,1535417100,DSS-26
35.0,2018,1535532600,1535583600,DSS-26
35.0,2018,1535705400,1535726700,DSS-26
35.0,2018,1535789400,1535810100,DSS-26
35.0,2018,1535882100,1535896500,DSS-26
36.0,2018,1536074400,1536096900,DSS-26
36.0,2018,1536145200,1536159600,DSS-26
37.0,2018,1536664200,1536675600,DSS-26
37.0,2018,1536764400,1536786000,DSS-26
37.0,2018,1536993900,1537006200,DSS-26
38.0,2018,1537172100,1537189200,DSS-26
38.0,2018,1537201500,1537231500,DSS-26
38.0,2018,1537431300,1537445700,DSS-26
38.0,2018,1537689900,1537703400,DSS-26
39.0,2018,1537941600,1537969800,DSS-26
39.0,2018,1538035500,1538089200,DSS-26
39.0,2018,1538207400,1538219400,DSS-26
39.0,2018,1538291400,1538313000,DSS-26
40.0,2018,1538466900,1538481300,DSS-26
41.0,2018,1539038700,1539045900,DSS-26
41.0,2018,1539409500,1539422100,DSS-26
42.0,2018,1539844200,1539871800,DSS-26
42.0,2018,1539874800,1539903600,DSS-26
42.0,2018,1540020300,1540034700,DSS-26
42.0,2018,1540071600,1540135200,DSS-26
43.0,2018,1540223100,1540249200,DSS-26
43.0,2018,1540613400,1540626000,DSS-26
44.0,2018,1540965300,1540987200,DSS-26
44.0,2018,1541084400,1541106000,DSS-26
44.0,2018,1541169000,1541190600,DSS-26
44.0,2018,1541315400,1541329800,DSS-26
45.0,2018,1541608200,1541808000,DSS-26
45.0,2018,1541833500,1541860500,DSS-26
45.0,2018,1541918100,1541939700,DSS-26
46.0,2018,1542431700,1542446100,DSS-26
47.0,2018,1542667500,1542674700,DSS-26
47.0,2018,1542729600,1542755400,DSS-26
47.0,2018,1542782400,1542808200,DSS-26
47.0,2018,1543127100,1543141500,DSS-26
48.0,2018,1543334400,1543356000,DSS-26
48.0,2018,1543371600,1543393200,DSS-26
48.0,2018,1543556700,1543588200,DSS-26
49.0,2018,1543939200,1543963200,DSS-26
49.0,2018,1543992300,1544016900,DSS-26
49.0,2018,1544067000,1544081400,DSS-26
49.0,2018,1544166000,1544187600,DSS-26
49.0,2018,1544248800,1544277600,DSS-26
49.0,2018,1544321400,1544335800,DSS-26
50.0,2018,1544481900,1544489100,DSS-26
50.0,2018,1544510400,1544529000,DSS-26
50.0,2018,1544598000,1544621400,DSS-26
50.0,2018,1544678400,1544704200,DSS-26
50.0,2018,1544854800,1544869200,DSS-26
50.0,2018,1544947200,1544981400,DSS-26
51.0,2018,1545121800,1545138000,DSS-26
51.0,2018,1545153600,1545177000,DSS-26
51.0,2018,1545329400,1545336000,DSS-26
51.0,2018,1545400800,1545404700,DSS-26
51.0,2018,1545460500,1545474600,DSS-26
51.0,2018,1545537600,1545573600,DSS-26
52.0,2018,1545634800,1545656400,DSS-26
52.0,2018,1545725400,1545743100,DSS-26
52.0,2018,1545804000,1545818100,DSS-26
52.0,2018,1545890400,1545915600,DSS-26
52.0,2018,1545926400,1545955200,DSS-26
52.0,2018,1546065000,1546093800,DSS-26
52.0,2018,1546145100,1546166700,DSS-26
1.0,2018,1514930400,1514955600,DSS-34
2.0,2018,1515664800,1515682800,DSS-34
2.0,2018,1515710100,1515733200,DSS-34
3.0,2018,1516085100,1516092300,DSS-34
3.0,2018,1516140900,1516165200,DSS-34
3.0,2018,1516364100,1516373100,DSS-34
3.0,2018,1516476600,1516569600,DSS-34
4.0,2018,1516626600,1516647600,DSS-34
4.0,2018,1516741800,1516767000,DSS-34
5.0,2018,1517340900,1517376900,DSS-34
5.0,2018,1517395200,1517421000,DSS-34
5.0,2018,1517653800,1517673600,DSS-34
5.0,2018,1517698800,1517792400,DSS-34
6.0,2018,1517851800,1517858700,DSS-34
6.0,2018,1517958000,1518011700,DSS-34
6.0,2018,1518084600,1518108000,DSS-34
6.0,2018,1518382800,1518757200,DSS-34
8.0,2018,1519124400,1519135500,DSS-34
8.0,2018,1519166100,1519189200,DSS-34
8.0,2018,1519195500,1519209900,DSS-34
8.0,2018,1519339500,1519353900,DSS-34
8.0,2018,1519362600,1519395000,DSS-34
8.0,2018,1519553700,1519565100,DSS-34
9.0,2018,1519765500,1519790700,DSS-34
10.0,2018,1520318700,1520333100,DSS-34
10.0,2018,1520374800,1520398200,DSS-34
10.0,2018,1520755200,1520769600,DSS-34
11.0,2018,1520982000,1521003600,DSS-34
11.0,2018,1521011700,1521034200,DSS-34
11.0,2018,1521095400,1521114000,DSS-34
11.0,2018,1521274800,1521304200,DSS-34
12.0,2018,1521514200,1521523200,DSS-34
12.0,2018,1521528300,1521535500,DSS-34
12.0,2018,1521675600,1521694800,DSS-34
13.0,2018,1522139100,1522155300,DSS-34
13.0,2018,1522278000,1522299600,DSS-34
13.0,2018,1522551600,1522587600,DSS-34
14.0,2018,1522743300,1522758300,DSS-34
14.0,2018,1522792800,1522818000,DSS-34
14.0,2018,1523002200,1523018400,DSS-34
14.0,2018,1523088300,1523103900,DSS-34
14.0,2018,1523162100,1523191800,DSS-34
15.0,2018,1523342700,1523349900,DSS-34
15.0,2018,1523397600,1523426400,DSS-34
15.0,2018,1523576100,1523599200,DSS-34
15.0,2018,1523746200,1523762100,DSS-34
15.0,2018,1523778900,1523796000,DSS-34
16.0,2018,1523916000,1523939400,DSS-34
16.0,2018,1524002700,1524031200,DSS-34
16.0,2018,1524311100,1524373200,DSS-34
17.0,2018,1524526800,1524570900,DSS-34
17.0,2018,1524641400,1524666900,DSS-34
17.0,2018,1524737100,1524745200,DSS-34
17.0,2018,1524813600,1524828600,DSS-34
17.0,2018,1524899700,1524970800,DSS-34
17.0,2018,1524986100,1525003500,DSS-34
18.0,2018,1525064700,1525077300,DSS-34
18.0,2018,1525157100,1525164300,DSS-34
18.0,2018,1525219800,1525262700,DSS-34
18.0,2018,1525269600,1525275600,DSS-34
18.0,2018,1525328400,1525349100,DSS-34
18.0,2018,1525501200,1525516200,DSS-34
18.0,2018,1525613400,1525619100,DSS-34
19.0,2018,1525673400,1525680900,DSS-34
19.0,2018,1525761900,1525780800,DSS-34
19.0,2018,1525823700,1525845300,DSS-34
19.0,2018,1525936500,1525955700,DSS-34
19.0,2018,1526011200,1526024400,DSS-34
19.0,2018,1526120400,1526130000,DSS-34
20.0,2018,1526282400,1526300400,DSS-34
20.0,2018,1526361900,1526389200,DSS-34
20.0,2018,1526422500,1526440500,DSS-34
20.0,2018,1526553600,1526559300,DSS-34
20.0,2018,1526798400,1526804700,DSS-34
21.0,2018,1526971500,1526978700,DSS-34
21.0,2018,1527033600,1527055200,DSS-34
21.0,2018,1527146100,1527153600,DSS-34
21.0,2018,1527387300,1527406200,DSS-34
22.0,2018,1527634800,1527660000,DSS-34
22.0,2018,1527742800,1527750000,DSS-34
22.0,2018,1528006800,1528015200,DSS-34
23.0,2018,1528094700,1528112700,DSS-34
23.0,2018,1528171800,1528194300,DSS-34
23.0,2018,1528243200,1528264800,DSS-34
23.0,2018,1528408800,1528437600,DSS-34
23.0,2018,1528571700,1528660500,DSS-34
24.0,2018,1528725900,1528733700,DSS-34
24.0,2018,1528785900,1528814700,DSS-34
24.0,2018,1528847400,1528883400,DSS-34
25.0,2018,1529452200,1529474400,DSS-34
26.0,2018,1530226800,1530252000,DSS-34
27.0,2018,1530655200,1530693600,DSS-34
27.0,2018,1530767400,1530780300,DSS-34
27.0,2018,1530828000,1530851100,DSS-34
28.0,2018,1531260000,1531285200,DSS-34
29.0,2018,1531777200,1531802700,DSS-34
29.0,2018,1531864800,1531901100,DSS-34
30.0,2018,1532469600,1532498400,DSS-34
30.0,2018,1532587500,1532594700,DSS-34
30.0,2018,1532690100,1532696400,DSS-34
31.0,2018,1533009300,1533032100,DSS-34
31.0,2018,1533077700,1533103200,DSS-34
31.0,2018,1533247200,1533288600,DSS-34
31.0,2018,1533355200,1533369600,DSS-34
31.0,2018,1533432000,1533480600,DSS-34
32.0,2018,1533765600,1533794400,DSS-34
32.0,2018,1533878100,1533889800,DSS-34
33.0,2018,1534284000,1534310700,DSS-34
33.0,2018,1534533000,1534545300,DSS-34
33.0,2018,1534599000,1534629600,DSS-34
33.0,2018,1534705200,1534716600,DSS-34
34.0,2018,1534920300,1534934700,DSS-34
34.0,2018,1535061600,1535089800,DSS-34
34.0,2018,1535121300,1535163000,DSS-34
34.0,2018,1535246460,1535254800,DSS-34
35.0,2018,1535666400,1535695200,DSS-34
35.0,2018,1535828100,1535921700,DSS-34
36.0,2018,1536098400,1536125400,DSS-34
36.0,2018,1536145200,1536159600,DSS-34
37.0,2018,1536703200,1536728400,DSS-34
38.0,2018,1537308000,1537346100,DSS-34
38.0,2018,1537376400,1537399800,DSS-34
39.0,2018,1537826400,1537851600,DSS-34
39.0,2018,1538030700,1538037900,DSS-34
39.0,2018,1538280900,1538352000,DSS-34
40.0,2018,1538517600,1538544300,DSS-34
40.0,2018,1538715000,1538728800,DSS-34
40.0,2018,1538756700,1538773800,DSS-34
41.0,2018,1539008100,1539027600,DSS-34
41.0,2018,1539118800,1539144000,DSS-34
41.0,2018,1539186300,1539229500,DSS-34
42.0,2018,1539723600,1539747300,DSS-34
42.0,2018,1539882000,1539903600,DSS-34
43.0,2018,1540328400,1540355100,DSS-34
43.0,2018,1540501200,1540530000,DSS-34
43.0,2018,1540653600,1540678500,DSS-34
44.0,2018,1540912200,1540921500,DSS-34
44.0,2018,1540937700,1540962000,DSS-34
44.0,2018,1541198700,1541205600,DSS-34
44.0,2018,1541352300,1541370300,DSS-34
45.0,2018,1541486700,1541493900,DSS-34
45.0,2018,1541538000,1541566800,DSS-34
45.0,2018,1541625300,1541649600,DSS-34
45.0,2018,1541711400,1541737800,DSS-34
45.0,2018,1541968800,1541985900,DSS-34
46.0,2018,1542238800,1542261000,DSS-34
46.0,2018,1542315600,1542343800,DSS-34
47.0,2018,1542747600,1542776100,DSS-34
47.0,2018,1542920400,1542949200,DSS-34
47.0,2018,1542982500,1543006200,DSS-34
48.0,2018,1543356000,1543381200,DSS-34
48.0,2018,1543387500,1543394700,DSS-34
48.0,2018,1543500000,1543507800,DSS-34
48.0,2018,1543608900,1543624200,DSS-34
48.0,2018,1543672500,1543689300,DSS-34
49.0,2018,1543945500,1543979700,DSS-34
49.0,2018,1544017500,1544028000,DSS-34
49.0,2018,1544067000,1544081400,DSS-34
49.0,2018,1544190000,1544214300,DSS-34
50.0,2018,1544535300,1544555400,DSS-34
50.0,2018,1544562000,1544587200,DSS-34
50.0,2018,1544617200,1544643900,DSS-34
50.0,2018,1544793900,1544817300,DSS-34
51.0,2018,1545052500,1545067800,DSS-34
51.0,2018,1545143700,1545193800,DSS-34
51.0,2018,1545410700,1545424800,DSS-34
52.0,2018,1545858000,1545884700,DSS-34
1.0,2018,1514840400,1514869200,DSS-35
1.0,2018,1515106800,1515128400,DSS-35
2.0,2018,1515705300,1515730500,DSS-35
3.0,2018,1516085100,1516092300,DSS-35
3.0,2018,1516302000,1516345200,DSS-35
4.0,2018,1516659000,1516683600,DSS-35
5.0,2018,1517522400,1517547600,DSS-35
6.0,2018,1517985900,1518020100,DSS-35
6.0,2018,1518127200,1518150900,DSS-35
7.0,2018,1518646500,1518668100,DSS-35
8.0,2018,1519195500,1519209900,DSS-35
8.0,2018,1519336800,1519362000,DSS-35
9.0,2018,1519641300,1519653300,DSS-35
9.0,2018,1519945200,1519966800,DSS-35
10.0,2018,1520286900,1520308500,DSS-35
10.0,2018,1520318700,1520333100,DSS-35
11.0,2018,1520994600,1521004500,DSS-35
11.0,2018,1521072300,1521119700,DSS-35
11.0,2018,1521154800,1521176400,DSS-35
12.0,2018,1521417600,1521784800,DSS-35
13.0,2018,1522101600,1522155600,DSS-35
14.0,2018,1522972800,1522994400,DSS-35
15.0,2018,1523342700,1523349900,DSS-35
15.0,2018,1523499000,1523540700,DSS-35
15.0,2018,1523574000,1523599200,DSS-35
16.0,2018,1524103200,1524117600,DSS-35
16.0,2018,1524182400,1524204000,DSS-35
17.0,2018,1524528000,1524549600,DSS-35
17.0,2018,1524622200,1524636000,DSS-35
17.0,2018,1524708300,1524722400,DSS-35
17.0,2018,1524782700,1524808800,DSS-35
18.0,2018,1525139700,1525154400,DSS-35
18.0,2018,1525157100,1525164300,DSS-35
18.0,2018,1525312500,1525340700,DSS-35
18.0,2018,1525388400,1525413600,DSS-35
19.0,2018,1525996800,1526018400,DSS-35
20.0,2018,1526601600,1526623200,DSS-35
21.0,2018,1526971500,1526978700,DSS-35
21.0,2018,1527033600,1527055200,DSS-35
21.0,2018,1527157200,1527166800,DSS-35
21.0,2018,1527206400,1527228000,DSS-35
22.0,2018,1527811200,1527832800,DSS-35
23.0,2018,1528411500,1528436700,DSS-35
24.0,2018,1528785900,1528793100,DSS-35
24.0,2018,1528801200,1528814700,DSS-35
24.0,2018,1528940100,1528968900,DSS-35
24.0,2018,1529017200,1529040600,DSS-35
24.0,2018,1529268600,1529643600,DSS-35
26.0,2018,1530054000,1530075600,DSS-35
27.0,2018,1530571200,1530604200,DSS-35
27.0,2018,1530773100,1530780300,DSS-35
27.0,2018,1530828300,1530853500,DSS-35
28.0,2018,1531435500,1531460700,DSS-35
29.0,2018,1531951200,1531980000,DSS-35
29.0,2018,1532037600,1532066400,DSS-35
30.0,2018,1532555100,1532594700,DSS-35
30.0,2018,1532642400,1532667600,DSS-35
31.0,2018,1533247200,1533276000,DSS-35
32.0,2018,1533527700,1533535800,DSS-35
32.0,2018,1533592800,1533621600,DSS-35
32.0,2018,1533757800,1533765900,DSS-35
32.0,2018,1533806100,1533824400,DSS-35
33.0,2018,1534197600,1534225200,DSS-35
33.0,2018,1534360500,1534380900,DSS-35
33.0,2018,1534456800,1534485600,DSS-35
33.0,2018,1534619100,1534634400,DSS-35
33.0,2018,1534705200,1534725000,DSS-35
34.0,2018,1534888800,1534917600,DSS-35
34.0,2018,1534920300,1534934700,DSS-35
34.0,2018,1534963500,1534983600,DSS-35
34.0,2018,1535222100,1535242800,DSS-35
35.0,2018,1535328000,1535587200,DSS-35
36.0,2018,1536145200,1536159600,DSS-35
36.0,2018,1536255900,1536300000,DSS-35
36.0,2018,1536342000,1536356400,DSS-35
36.0,2018,1536427500,1536446100,DSS-35
36.0,2018,1536514500,1536528900,DSS-35
37.0,2018,1536600600,1536621000,DSS-35
37.0,2018,1536876000,1536903000,DSS-35
38.0,2018,1537480800,1537509600,DSS-35
39.0,2018,1537807500,1537827900,DSS-35
39.0,2018,1538030700,1538037900,DSS-35
39.0,2018,1538085600,1538111100,DSS-35
40.0,2018,1538604000,1538632800,DSS-35
41.0,2018,1539136800,1539147600,DSS-35
41.0,2018,1539186300,1539229500,DSS-35
41.0,2018,1539291600,1539302700,DSS-35
41.0,2018,1539532800,1539558000,DSS-35
42.0,2018,1539882000,1539903600,DSS-35
43.0,2018,1540242000,1540270800,DSS-35
43.0,2018,1540567800,1540589400,DSS-35
43.0,2018,1540739700,1540762200,DSS-35
44.0,2018,1541106000,1541134800,DSS-35
45.0,2018,1541486700,1541493900,DSS-35
46.0,2018,1542206100,1542229200,DSS-35
46.0,2018,1542292500,1542313500,DSS-35
47.0,2018,1542747600,1542766200,DSS-35
47.0,2018,1542920400,1542948300,DSS-35
48.0,2018,1543387500,1543394700,DSS-35
48.0,2018,1543494300,1543514100,DSS-35
48.0,2018,1543525200,1543554000,DSS-35
49.0,2018,1544043600,1544081400,DSS-35
51.0,2018,1545220500,1545252900,DSS-35
51.0,2018,1545342600,1545368400,DSS-35
51.0,2018,1545387600,1545411000,DSS-35
51.0,2018,1545423300,1545449700,DSS-35
52.0,2018,1545948000,1545973200,DSS-35
1.0,2018,1515016800,1515042000,DSS-36
2.0,2018,1515480600,1515510600,DSS-36
2.0,2018,1515625200,1515646800,DSS-36
2.0,2018,1515746400,1515771300,DSS-36
2.0,2018,1515927900,1515951300,DSS-36
3.0,2018,1516085100,1516092300,DSS-36
3.0,2018,1516224000,1516249200,DSS-36
3.0,2018,1516347600,1516373400,DSS-36
3.0,2018,1516439700,1516459800,DSS-36
4.0,2018,1516833600,1516855200,DSS-36
4.0,2018,1516951800,1516971000,DSS-36
5.0,2018,1517432400,1517457600,DSS-36
6.0,2018,1517867100,1517888700,DSS-36
6.0,2018,1517985900,1517993100,DSS-36
6.0,2018,1518170700,1518186600,DSS-36
7.0,2018,1518555600,1518574500,DSS-36
7.0,2018,1518598800,1518618000,DSS-36
8.0,2018,1519195500,1519209900,DSS-36
8.0,2018,1519250400,1519267500,DSS-36
8.0,2018,1519339500,1519353900,DSS-36
10.0,2018,1520318700,1520333100,DSS-36
10.0,2018,1520370000,1520391600,DSS-36
10.0,2018,1520507100,1520516100,DSS-36
11.0,2018,1520841300,1520868300,DSS-36
11.0,2018,1520934600,1520947500,DSS-36
11.0,2018,1521064800,1521085200,DSS-36
11.0,2018,1521151800,1521156600,DSS-36
11.0,2018,1521189000,1521207300,DSS-36
11.0,2018,1521275400,1521292800,DSS-36
11.0,2018,1521364200,1521388800,DSS-36
12.0,2018,1521502200,1521520800,DSS-36
12.0,2018,1521528300,1521535500,DSS-36
12.0,2018,1521885000,1521904500,DSS-36
12.0,2018,1521976200,1521988080,DSS-36
13.0,2018,1522054200,1522069500,DSS-36
13.0,2018,1522136100,1522157400,DSS-36
13.0,2018,1522184400,1522244400,DSS-36
13.0,2018,1522281000,1522290900,DSS-36
14.0,2018,1522656900,1522665600,DSS-36
14.0,2018,1522730700,1522762500,DSS-36
14.0,2018,1522882800,1522904400,DSS-36
14.0,2018,1523079600,1523106300,DSS-36
14.0,2018,1523174700,1523190000,DSS-36
15.0,2018,1523342700,1523349900,DSS-36
15.0,2018,1523484000,1523509200,DSS-36
15.0,2018,1523517300,1523536800,DSS-36
15.0,2018,1523694900,1523710200,DSS-36
16.0,2018,1524128700,1524150600,DSS-36
16.0,2018,1524215400,1524229800,DSS-36
16.0,2018,1524395700,1524408000,DSS-36
17.0,2018,1524485700,1524492300,DSS-36
17.0,2018,1524552900,1524578400,DSS-36
17.0,2018,1524709800,1524739500,DSS-36
17.0,2018,1524790800,1524808800,DSS-36
17.0,2018,1524986100,1524995700,DSS-36
18.0,2018,1525157100,1525164300,DSS-36
18.0,2018,1525298400,1525323600,DSS-36
18.0,2018,1525408200,1525434900,DSS-36
18.0,2018,1525500900,1525516800,DSS-36
18.0,2018,1525592700,1525613400,DSS-36
19.0,2018,1525673100,1525695000,DSS-36
19.0,2018,1525744500,1525780500,DSS-36
19.0,2018,1525844100,1525861500,DSS-36
19.0,2018,1525905900,1525926600,DSS-36
19.0,2018,1526102100,1526126400,DSS-36
19.0,2018,1526193000,1526212800,DSS-36
20.0,2018,1526508000,1526529600,DSS-36
20.0,2018,1526564100,1526570100,DSS-36
20.0,2018,1526576700,1526582100,DSS-36
20.0,2018,1526631900,1526644200,DSS-36
20.0,2018,1526812200,1526820600,DSS-36
21.0,2018,1526898600,1526905200,DSS-36
21.0,2018,1526971500,1526978700,DSS-36
21.0,2018,1526988300,1526997000,DSS-36
21.0,2018,1527033600,1527055200,DSS-36
21.0,2018,1527121200,1527150900,DSS-36
21.0,2018,1527399600,1527405900,DSS-36
22.0,2018,1527575700,1527591900,DSS-36
22.0,2018,1527805800,1527850800,DSS-36
22.0,2018,1527916800,1527923400,DSS-36
23.0,2018,1528326000,1528356900,DSS-36
23.0,2018,1528440900,1528452000,DSS-36
23.0,2018,1528526700,1528539600,DSS-36
23.0,2018,1528613400,1528621200,DSS-36
24.0,2018,1528785900,1528793100,DSS-36
24.0,2018,1528801200,1528814700,DSS-36
24.0,2018,1528938900,1528956000,DSS-36
24.0,2018,1529017200,1529042400,DSS-36
25.0,2018,1529557200,1529572800,DSS-36
25.0,2018,1529623200,1529643600,DSS-36
26.0,2018,1529904600,1529916600,DSS-36
26.0,2018,1530054000,1530084600,DSS-36
27.0,2018,1530744000,1530770400,DSS-36
27.0,2018,1530773100,1530780300,DSS-36
28.0,2018,1531350000,1531383900,DSS-36
28.0,2018,1531432800,1531461600,DSS-36
29.0,2018,1531951200,1531980000,DSS-36
29.0,2018,1532149200,1532157900,DSS-36
30.0,2018,1532558100,1532584800,DSS-36
30.0,2018,1532587500,1532594700,DSS-36
30.0,2018,1532820000,1532852100,DSS-36
30.0,2018,1532896200,1532904900,DSS-36
31.0,2018,1533160800,1533187200,DSS-36
31.0,2018,1533201000,1533207600,DSS-36
32.0,2018,1533525600,1533564600,DSS-36
32.0,2018,1533629700,1533644700,DSS-36
32.0,2018,1533682500,1533726600,DSS-36
32.0,2018,1533776400,1533795000,DSS-36
32.0,2018,1533852000,1533880800,DSS-36
32.0,2018,1534033800,1534065300,DSS-36
33.0,2018,1534181400,1534197000,DSS-36
33.0,2018,1534370400,1534399200,DSS-36
34.0,2018,1534920300,1534934700,DSS-36
34.0,2018,1534962300,1534975800,DSS-36
34.0,2018,1534983000,1535001000,DSS-36
34.0,2018,1535046900,1535061300,DSS-36
34.0,2018,1535211900,1535235000,DSS-36
35.0,2018,1535580000,1535608800,DSS-36
36.0,2018,1536012000,1536040800,DSS-36
36.0,2018,1536145200,1536159600,DSS-36
36.0,2018,1536184800,1536213600,DSS-36
36.0,2018,1536428400,1536444000,DSS-36
37.0,2018,1536696300,1536711300,DSS-36
37.0,2018,1536789600,1536818400,DSS-36
38.0,2018,1537394400,1537423200,DSS-36
38.0,2018,1537597200,1537605600,DSS-36
39.0,2018,1537747200,1538006400,DSS-36
39.0,2018,1538030700,1538037900,DSS-36
39.0,2018,1538065500,1538083500,DSS-36
41.0,2018,1539022800,1539040500,DSS-36
41.0,2018,1539186300,1539229500,DSS-36
42.0,2018,1539810000,1539834600,DSS-36
42.0,2018,1539882000,1539903600,DSS-36
42.0,2018,1539962700,1539981300,DSS-36
43.0,2018,1540317300,1540325100,DSS-36
43.0,2018,1540404300,1540440000,DSS-36
43.0,2018,1540577400,1540591200,DSS-36
43.0,2018,1540669200,1540677600,DSS-36
45.0,2018,1541486700,1541493900,DSS-36
46.0,2018,1542058800,1542068100,DSS-36
46.0,2018,1542315600,1542327000,DSS-36
46.0,2018,1542407400,1542422700,DSS-36
47.0,2018,1542819000,1542862500,DSS-36
48.0,2018,1543266000,1543294800,DSS-36
48.0,2018,1543387500,1543394700,DSS-36
48.0,2018,1543499700,1543513500,DSS-36
48.0,2018,1543634700,1543657500,DSS-36
48.0,2018,1543672500,1543687800,DSS-36
49.0,2018,1543838100,1543865100,DSS-36
49.0,2018,1544016900,1544031600,DSS-36
49.0,2018,1544067000,1544081400,DSS-36
49.0,2018,1544189100,1544204700,DSS-36
49.0,2018,1544238900,1544245800,DSS-36
49.0,2018,1544277900,1544298600,DSS-36
50.0,2018,1544534700,1544557800,DSS-36
50.0,2018,1544589600,1544596800,DSS-36
50.0,2018,1544648400,1544670000,DSS-36
51.0,2018,1545253200,1545282000,DSS-36
51.0,2018,1545496500,1545508200,DSS-36
51.0,2018,1545516300,1545534000,DSS-36
51.0,2018,1545569700,1545599700,DSS-36
52.0,2018,1545697200,1545722400,DSS-36
52.0,2018,1545756000,1545766800,DSS-36
52.0,2018,1545939600,1545973200,DSS-36
4.0,2018,1516921200,1517007600,DSS-43
6.0,2018,1517874300,1517892600,DSS-43
6.0,2018,1517911200,1517917800,DSS-43
6.0,2018,1517936100,1517950500,DSS-43
6.0,2018,1517967900,1517985900,DSS-43
6.0,2018,1517993100,1517998800,DSS-43
6.0,2018,1518020400,1518037200,DSS-43
6.0,2018,1518098400,1518117300,DSS-43
6.0,2018,1518136200,1518157200,DSS-43
6.0,2018,1518222900,1518312900,DSS-43
7.0,2018,1518530400,1518549300,DSS-43
7.0,2018,1518645600,1518660900,DSS-43
7.0,2018,1518769800,1518796500,DSS-43
7.0,2018,1518849900,1518875400,DSS-43
7.0,2018,1518946800,1518969300,DSS-43
8.0,2018,1519003800,1519053900,DSS-43
8.0,2018,1519076400,1519101600,DSS-43
8.0,2018,1519119000,1519134300,DSS-43
8.0,2018,1519195500,1519226700,DSS-43
8.0,2018,1519291500,1519302000,DSS-43
8.0,2018,1519339500,1519353900,DSS-43
8.0,2018,1519377600,1519395300,DSS-43
8.0,2018,1519463700,1519482300,DSS-43
8.0,2018,1519539300,1519568400,DSS-43
9.0,2018,1519623600,1519654500,DSS-43
9.0,2018,1519682400,1519704000,DSS-43
9.0,2018,1519722300,1519737600,DSS-43
9.0,2018,1519808400,1519819200,DSS-43
9.0,2018,1519886700,1519905600,DSS-43
9.0,2018,1519980600,1520001000,DSS-43
9.0,2018,1520067000,1520085300,DSS-43
9.0,2018,1520153100,1520163600,DSS-43
10.0,2018,1520239200,1520255400,DSS-43
10.0,2018,1520283600,1520305200,DSS-43
10.0,2018,1520318700,1520341800,DSS-43
10.0,2018,1520393700,1520433300,DSS-43
10.0,2018,1520497800,1520514900,DSS-43
10.0,2018,1520583900,1520594700,DSS-43
10.0,2018,1520670000,1520686800,DSS-43
10.0,2018,1520756100,1520780400,DSS-43
11.0,2018,1520838900,1520853300,DSS-43
11.0,2018,1520895600,1520917200,DSS-43
11.0,2018,1521014700,1521033300,DSS-43
11.0,2018,1521100800,1521111600,DSS-43
11.0,2018,1521180300,1521205500,DSS-43
11.0,2018,1521273300,1521291600,DSS-43
11.0,2018,1521358800,1521377100,DSS-43
12.0,2018,1521448500,1521456300,DSS-43
12.0,2018,1521500400,1521522000,DSS-43
12.0,2018,1521528300,1521543600,DSS-43
12.0,2018,1521618000,1521636600,DSS-43
12.0,2018,1521687300,1521726900,DSS-43
12.0,2018,1521794100,1521815700,DSS-43
12.0,2018,1521886200,1521894000,DSS-43
12.0,2018,1521966000,1521999300,DSS-43
13.0,2018,1522043100,1522067100,DSS-43
13.0,2018,1522098000,1522121700,DSS-43
13.0,2018,1522134600,1522145400,DSS-43
13.0,2018,1522221000,1522239600,DSS-43
13.0,2018,1522307400,1522324800,DSS-43
13.0,2018,1522393500,1522404000,DSS-43
13.0,2018,1522479600,1522490100,DSS-43
13.0,2018,1522565700,1522588200,DSS-43
14.0,2018,1522713600,1522748700,DSS-43
14.0,2018,1522824000,1522842600,DSS-43
14.0,2018,1522899000,1522935000,DSS-43
14.0,2018,1523082900,1523093100,DSS-43
14.0,2018,1523169000,1523187300,DSS-43
15.0,2018,1523316900,1523340000,DSS-43
15.0,2018,1523342700,1523349900,DSS-43
15.0,2018,1523513700,1523523900,DSS-43
15.0,2018,1523596800,1523618400,DSS-43
15.0,2018,1523753100,1523790300,DSS-43
16.0,2018,1523850000,1523885100,DSS-43
16.0,2018,1523919600,1523962800,DSS-43
16.0,2018,1524030600,1524048900,DSS-43
16.0,2018,1524289200,1524312300,DSS-43
16.0,2018,1524375300,1524393600,DSS-43
17.0,2018,1524455400,1524474000,DSS-43
17.0,2018,1524539700,1524565800,DSS-43
17.0,2018,1524697200,1524722400,DSS-43
17.0,2018,1524891600,1524910500,DSS-43
17.0,2018,1524978600,1525001400,DSS-43
18.0,2018,1525157100,1525170600,DSS-43
18.0,2018,1525212300,1525259700,DSS-43
18.0,2018,1525334700,1525341300,DSS-43
18.0,2018,1525390500,1525444800,DSS-43
18.0,2018,1525503000,1525520100,DSS-43
18.0,2018,1525540500,1525559100,DSS-43
19.0,2018,1525669500,1525686000,DSS-43
19.0,2018,1525737600,1525775400,DSS-43
19.0,2018,1526193000,1526202900,DSS-43
20.0,2018,1526345100,1526378400,DSS-43
20.0,2018,1526447700,1526472900,DSS-43
20.0,2018,1526531100,1526547600,DSS-43
20.0,2018,1526615700,1526633700,DSS-43
20.0,2018,1526744400,1526762400,DSS-43
21.0,2018,1526874000,1526892000,DSS-43
21.0,2018,1526945400,1526968800,DSS-43
21.0,2018,1526971500,1526978700,DSS-43
21.0,2018,1527033600,1527055200,DSS-43
22.0,2018,1527552000,1527573600,DSS-43
22.0,2018,1527908100,1527926100,DSS-43
22.0,2018,1527994200,1528012200,DSS-43
23.0,2018,1528152600,1528184400,DSS-43
23.0,2018,1528252800,1528279200,DSS-43
23.0,2018,1528338900,1528358700,DSS-43
23.0,2018,1528593600,1528615200,DSS-43
24.0,2018,1528761600,1528783200,DSS-43
24.0,2018,1528785900,1528793100,DSS-43
24.0,2018,1528801200,1528814700,DSS-43
24.0,2018,1529028300,1529042100,DSS-43
24.0,2018,1529114400,1529131200,DSS-43
25.0,2018,1529364600,1529386200,DSS-43
25.0,2018,1529631300,1529649300,DSS-43
25.0,2018,1529803800,1529821500,DSS-43
26.0,2018,1529967600,1529992800,DSS-43
26.0,2018,1530133800,1530150000,DSS-43
26.0,2018,1530223200,1530252000,DSS-43
27.0,2018,1530572400,1530597000,DSS-43
27.0,2018,1530752400,1530780300,DSS-43
28.0,2018,1531174200,1531200000,DSS-43
29.0,2018,1531710300,1531716900,DSS-43
29.0,2018,1531778400,1531807200,DSS-43
29.0,2018,1531957800,1531994100,DSS-43
30.0,2018,1532383200,1532412000,DSS-43
30.0,2018,1532474700,1532492400,DSS-43
30.0,2018,1532561100,1532578500,DSS-43
30.0,2018,1532587500,1532594700,DSS-43
30.0,2018,1532642400,1532667600,DSS-43
31.0,2018,1532988000,1533015300,DSS-43
32.0,2018,1533672600,1533708000,DSS-43
32.0,2018,1533767100,1533783300,DSS-43
32.0,2018,1534011000,1534027500,DSS-43
33.0,2018,1534134300,1534140600,DSS-43
33.0,2018,1534197600,1534225500,DSS-43
33.0,2018,1534370400,1534378800,DSS-43
33.0,2018,1534623600,1534641900,DSS-43
34.0,2018,1534731900,1534742100,DSS-43
34.0,2018,1534802400,1534827600,DSS-43
34.0,2018,1534920300,1534934700,DSS-43
34.0,2018,1534975200,1535004000,DSS-43
34.0,2018,1535221800,1535244300,DSS-43
34.0,2018,1535318100,1535332200,DSS-43
35.0,2018,1535407200,1535436000,DSS-43
35.0,2018,1535506500,1535536500,DSS-43
35.0,2018,1535576400,1535587200,DSS-43
35.0,2018,1535835000,1535844600,DSS-43
35.0,2018,1535921400,1535932500,DSS-43
36.0,2018,1536012000,1536040800,DSS-43
36.0,2018,1536145200,1536159600,DSS-43
36.0,2018,1536438300,1536462600,DSS-43
36.0,2018,1536524400,1536529800,DSS-43
37.0,2018,1536610200,1536645600,DSS-43
37.0,2018,1536686400,1536702000,DSS-43
37.0,2018,1536783000,1536793200,DSS-43
37.0,2018,1536869100,1536881100,DSS-43
37.0,2018,1536955200,1536960900,DSS-43
37.0,2018,1537041300,1537056600,DSS-43
37.0,2018,1537127700,1537133700,DSS-43
38.0,2018,1537213500,1537250400,DSS-43
38.0,2018,1537299900,1537306200,DSS-43
38.0,2018,1537386000,1537392600,DSS-43
38.0,2018,1537558200,1537565400,DSS-43
38.0,2018,1537644600,1537654500,DSS-43
39.0,2018,1537813200,1537855200,DSS-43
39.0,2018,1537902900,1537912800,DSS-43
39.0,2018,1538030700,1538037900,DSS-43
39.0,2018,1538161500,1538170200,DSS-43
39.0,2018,1538247600,1538261400,DSS-43
39.0,2018,1538333700,1538352000,DSS-43
40.0,2018,1538419800,1538459700,DSS-43
40.0,2018,1538505900,1538515200,DSS-43
40.0,2018,1538592300,1538598300,DSS-43
40.0,2018,1538678400,1538688000,DSS-43
40.0,2018,1538764500,1538775000,DSS-43
40.0,2018,1538850600,1538865300,DSS-43
40.0,2018,1538937000,1539229500,DSS-43
41.0,2018,1539306900,1539315900,DSS-43
41.0,2018,1539367800,1539379800,DSS-43
41.0,2018,1539453600,1539465900,DSS-43
41.0,2018,1539540000,1539551700,DSS-43
42.0,2018,1539626100,1539662700,DSS-43
42.0,2018,1539712200,1539724500,DSS-43
42.0,2018,1539798900,1539811500,DSS-43
42.0,2018,1539882000,1539921600,DSS-43
42.0,2018,1540056900,1540069200,DSS-43
42.0,2018,1540146900,1540156200,DSS-43
43.0,2018,1540233300,1540240500,DSS-43
43.0,2018,1540319400,1540328400,DSS-43
43.0,2018,1540405500,1540416000,DSS-43
43.0,2018,1540491600,1540530000,DSS-43
43.0,2018,1540577700,1540585200,DSS-43
43.0,2018,1540664100,1540676700,DSS-43
44.0,2018,1540918500,1540959000,DSS-43
44.0,2018,1541004900,1541020500,DSS-43
44.0,2018,1541091000,1541102700,DSS-43
44.0,2018,1541178000,1541188800,DSS-43
44.0,2018,1541267100,1541274300,DSS-43
44.0,2018,1541349300,1541360400,DSS-43
45.0,2018,1541435700,1541476500,DSS-43
45.0,2018,1541486700,1541493900,DSS-43
45.0,2018,1541521800,1541532900,DSS-43
45.0,2018,1541602500,1541619000,DSS-43
45.0,2018,1541694000,1541703900,DSS-43
45.0,2018,1541780100,1541790300,DSS-43
45.0,2018,1541866200,1541885100,DSS-43
45.0,2018,1541952600,1541962500,DSS-43
46.0,2018,1542038700,1542048900,DSS-43
46.0,2018,1542056400,1542081600,DSS-43
46.0,2018,1542210900,1542254400,DSS-43
46.0,2018,1542292500,1542316800,DSS-43
46.0,2018,1542383400,1542401400,DSS-43
46.0,2018,1542465000,1542482100,DSS-43
46.0,2018,1542555600,1542579300,DSS-43
47.0,2018,1542642000,1542688200,DSS-43
47.0,2018,1542814200,1542826800,DSS-43
47.0,2018,1542846000,1542869400,DSS-43
47.0,2018,1542896400,1542918300,DSS-43
47.0,2018,1542995400,1543010100,DSS-43
47.0,2018,1543068900,1543095000,DSS-43
48.0,2018,1543241400,1543263000,DSS-43
48.0,2018,1543331100,1543348800,DSS-43
48.0,2018,1543387500,1543394700,DSS-43
48.0,2018,1543410900,1543467600,DSS-43
48.0,2018,1543500000,1543521600,DSS-43
48.0,2018,1543633800,1543657200,DSS-43
49.0,2018,1543870800,1543896000,DSS-43
49.0,2018,1543934100,1543947900,DSS-43
49.0,2018,1544020500,1544037900,DSS-43
49.0,2018,1544067000,1544081400,DSS-43
49.0,2018,1544106900,1544132400,DSS-43
49.0,2018,1544192700,1544212800,DSS-43
49.0,2018,1544236800,1544260500,DSS-43
49.0,2018,1544278800,1544292600,DSS-43
49.0,2018,1544359800,1544383200,DSS-43
50.0,2018,1544451300,1544500800,DSS-43
50.0,2018,1544537400,1544551200,DSS-43
50.0,2018,1544623500,1544646600,DSS-43
50.0,2018,1544709900,1544724000,DSS-43
50.0,2018,1544796000,1544819700,DSS-43
50.0,2018,1544881800,1544900100,DSS-43
50.0,2018,1544968200,1544986500,DSS-43
51.0,2018,1545054300,1545104400,DSS-43
51.0,2018,1545140700,1545164100,DSS-43
51.0,2018,1545225300,1545244200,DSS-43
51.0,2018,1545311400,1545330300,DSS-43
51.0,2018,1545347700,1545364200,DSS-43
51.0,2018,1545404400,1545417000,DSS-43
51.0,2018,1545485100,1545508800,DSS-43
51.0,2018,1545571500,1545585600,DSS-43
51.0,2018,1545598800,1545627600,DSS-43
52.0,2018,1545648600,1545675900,DSS-43
52.0,2018,1545743700,1545767100,DSS-43
52.0,2018,1545829800,1545853200,DSS-43
52.0,2018,1545916200,1545934200,DSS-43
52.0,2018,1546002300,1546020300,DSS-43
52.0,2018,1546088400,1546111800,DSS-43
52.0,2018,1546174200,1546192800,DSS-43
1.0,2018,1514990700,1514997900,DSS-54
1.0,2018,1515142800,1515168000,DSS-54
2.0,2018,1515750300,1515772800,DSS-54
3.0,2018,1516016820,1516032000,DSS-54
3.0,2018,1516046400,1516085100,DSS-54
3.0,2018,1516132800,1516172400,DSS-54
4.0,2018,1516718700,1516725900,DSS-54
4.0,2018,1516957200,1516982400,DSS-54
5.0,2018,1517261700,1517294100,DSS-54
5.0,2018,1517562000,1517587200,DSS-54
6.0,2018,1517810400,1518188400,DSS-54
6.0,2018,1518301500,1518315900,DSS-54
6.0,2018,1518371400,1518402900,DSS-54
7.0,2018,1518424200,1518453000,DSS-54
7.0,2018,1518533100,1518540300,DSS-54
7.0,2018,1518651900,1518669600,DSS-54
7.0,2018,1518907800,1518929400,DSS-54
8.0,2018,1519020000,1519401600,DSS-54
8.0,2018,1519523100,1519535700,DSS-54
9.0,2018,1519668000,1519671900,DSS-54
9.0,2018,1519724400,1519747200,DSS-54
9.0,2018,1520105400,1520119800,DSS-54
10.0,2018,1520337600,1520354700,DSS-54
10.0,2018,1520447100,1520468700,DSS-54
11.0,2018,1520878200,1520907600,DSS-54
11.0,2018,1521101700,1521126900,DSS-54
11.0,2018,1521344700,1521359100,DSS-54
12.0,2018,1521451200,1521475200,DSS-54
12.0,2018,1521625500,1521646200,DSS-54
12.0,2018,1521942000,1522024200,DSS-54
13.0,2018,1522225800,1522249200,DSS-54
13.0,2018,1522525500,1522541700,DSS-54
14.0,2018,1522853100,1522867500,DSS-54
14.0,2018,1522918800,1522940400,DSS-54
15.0,2018,1523520000,1523545200,DSS-54
15.0,2018,1523680500,1523694900,DSS-54
16.0,2018,1523949600,1523977200,DSS-54
16.0,2018,1524044400,1524063600,DSS-54
17.0,2018,1524554100,1524574800,DSS-54
17.0,2018,1524819300,1524837600,DSS-54
17.0,2018,1524857100,1524877200,DSS-54
17.0,2018,1524942900,1524953700,DSS-54
18.0,2018,1525079100,1525100400,DSS-54
19.0,2018,1525704300,1525711500,DSS-54
19.0,2018,1525940700,1525961400,DSS-54
19.0,2018,1526102100,1526116500,DSS-54
20.0,2018,1526544300,1526562000,DSS-54
20.0,2018,1526626800,1526652000,DSS-54
20.0,2018,1526748600,1526770200,DSS-54
21.0,2018,1527033600,1527040800,DSS-54
21.0,2018,1527047100,1527055200,DSS-54
21.0,2018,1527153600,1527173700,DSS-54
21.0,2018,1527378000,1527392400,DSS-54
22.0,2018,1527491700,1527514800,DSS-54
22.0,2018,1527880800,1527888300,DSS-54
23.0,2018,1528357500,1528382700,DSS-54
23.0,2018,1528399200,1528413600,DSS-54
23.0,2018,1528458300,1528482600,DSS-54
24.0,2018,1528792200,1528815600,DSS-54
24.0,2018,1529046000,1529074800,DSS-54
24.0,2018,1529118900,1529133300,DSS-54
25.0,2018,1529419500,1529426700,DSS-54
25.0,2018,1529481600,1529506800,DSS-54
25.0,2018,1529758200,1529772600,DSS-54
26.0,2018,1530024300,1530038700,DSS-54
26.0,2018,1530169200,1530194400,DSS-54
26.0,2018,1530247500,1530266100,DSS-54
27.0,2018,1530774000,1530799200,DSS-54
27.0,2018,1530954300,1531048500,DSS-54
28.0,2018,1531119600,1531148400,DSS-54
28.0,2018,1531320300,1531327500,DSS-54
28.0,2018,1531386600,1531407600,DSS-54
28.0,2018,1531421100,1531429500,DSS-54
28.0,2018,1531572600,1531594200,DSS-54
29.0,2018,1531983600,1532012400,DSS-54
29.0,2018,1532181900,1532203500,DSS-54
30.0,2018,1532443500,1532450700,DSS-54
30.0,2018,1532590500,1532617200,DSS-54
31.0,2018,1533018600,1533075900,DSS-54
31.0,2018,1533376800,1533408000,DSS-54
32.0,2018,1533572700,1533584700,DSS-54
32.0,2018,1533796500,1533825000,DSS-54
32.0,2018,1533885900,1533913200,DSS-54
32.0,2018,1533979200,1533993000,DSS-54
33.0,2018,1534127100,1534148400,DSS-54
33.0,2018,1534401000,1534429800,DSS-54
33.0,2018,1534581300,1534597800,DSS-54
33.0,2018,1534640100,1534667400,DSS-54
34.0,2018,1534746600,1534770300,DSS-54
34.0,2018,1534797900,1534833000,DSS-54
34.0,2018,1534862700,1534869900,DSS-54
34.0,2018,1534891200,1534920600,DSS-54
34.0,2018,1534988400,1535022000,DSS-54
34.0,2018,1535074500,1535102700,DSS-54
34.0,2018,1535119800,1535138700,DSS-54
34.0,2018,1535167500,1535190900,DSS-54
35.0,2018,1535351400,1535378400,DSS-54
35.0,2018,1535882100,1535896500,DSS-54
36.0,2018,1536145200,1536159600,DSS-54
36.0,2018,1536216600,1536240000,DSS-54
36.0,2018,1536404700,1536426300,DSS-54
37.0,2018,1536811200,1536818400,DSS-54
37.0,2018,1536820200,1536845400,DSS-54
37.0,2018,1536979500,1536999000,DSS-54
37.0,2018,1537068000,1537083900,DSS-54
38.0,2018,1537281900,1537296300,DSS-54
38.0,2018,1537314900,1537345800,DSS-54
38.0,2018,1537410000,1537446600,DSS-54
38.0,2018,1537671900,1537691700,DSS-54
39.0,2018,1537770600,1537799400,DSS-54
39.0,2018,1538100000,1538123700,DSS-54
39.0,2018,1538187600,1538195100,DSS-54
39.0,2018,1538206800,1538219400,DSS-54
39.0,2018,1538239200,1538266800,DSS-54
40.0,2018,1538352000,1538384400,DSS-54
40.0,2018,1538438400,1538464200,DSS-54
40.0,2018,1538531100,1538544000,DSS-54
40.0,2018,1538721300,1538746500,DSS-54
40.0,2018,1538817000,1538838600,DSS-54
41.0,2018,1538962200,1538984700,DSS-54
41.0,2018,1539068400,1539111600,DSS-54
41.0,2018,1539153000,1539172800,DSS-54
41.0,2018,1539309600,1539324600,DSS-54
41.0,2018,1539387900,1539409200,DSS-54
41.0,2018,1539409500,1539422100,DSS-54
42.0,2018,1539733800,1539762300,DSS-54
42.0,2018,1539821400,1539846300,DSS-54
42.0,2018,1539882000,1539903600,DSS-54
43.0,2018,1540276200,1540291800,DSS-54
43.0,2018,1540613400,1540626000,DSS-54
44.0,2018,1541184600,1541201400,DSS-54
44.0,2018,1541315400,1541329800,DSS-54
45.0,2018,1541403000,1541620800,DSS-54
45.0,2018,1541639400,1541662200,DSS-54
45.0,2018,1541724000,1541741400,DSS-54
45.0,2018,1541918100,1541939700,DSS-54
46.0,2018,1542385800,1542397500,DSS-54
46.0,2018,1542431700,1542446100,DSS-54
46.0,2018,1542583200,1542610800,DSS-54
47.0,2018,1542958200,1542983400,DSS-54
48.0,2018,1543273800,1543329300,DSS-54
48.0,2018,1543371600,1543419000,DSS-54
48.0,2018,1543502700,1543509900,DSS-54
48.0,2018,1543620900,1543714500,DSS-54
49.0,2018,1543908600,1543937400,DSS-54
49.0,2018,1544067000,1544081400,DSS-54
49.0,2018,1544321400,1544335800,DSS-54
51.0,2018,1545118200,1545143400,DSS-54
51.0,2018,1545537600,1545552000,DSS-54
52.0,2018,1545809400,1545836400,DSS-54
52.0,2018,1546145100,1546166700,DSS-54
1.0,2018,1514990700,1514997900,DSS-55
1.0,2018,1515139200,1515168000,DSS-55
2.0,2018,1515574800,1515600000,DSS-55
3.0,2018,1516038600,1516071000,DSS-55
3.0,2018,1516355100,1516377600,DSS-55
4.0,2018,1516611600,1516636800,DSS-55
4.0,2018,1516718700,1516725900,DSS-55
4.0,2018,1517081400,1517196600,DSS-55
5.0,2018,1517216400,1517241600,DSS-55
5.0,2018,1517385600,1517414400,DSS-55
6.0,2018,1517823000,1517846400,DSS-55
7.0,2018,1518418800,1518678000,DSS-55
8.0,2018,1519027200,1519056000,DSS-55
9.0,2018,1519898400,1519920000,DSS-55
9.0,2018,1519987500,1520040000,DSS-55
10.0,2018,1520347500,1520354700,DSS-55
10.0,2018,1520448300,1520469900,DSS-55
10.0,2018,1520503200,1520521200,DSS-55
11.0,2018,1521014400,1521039600,DSS-55
12.0,2018,1521540900,1521561600,DSS-55
12.0,2018,1521622800,1521648000,DSS-55
13.0,2018,1522047600,1522076400,DSS-55
14.0,2018,1522746000,1522767600,DSS-55
14.0,2018,1522853100,1522867500,DSS-55
15.0,2018,1523430000,1523455200,DSS-55
15.0,2018,1523612400,1523644800,DSS-55
16.0,2018,1524038400,1524063600,DSS-55
17.0,2018,1524474900,1524495600,DSS-55
17.0,2018,1524560400,1524582000,DSS-55
18.0,2018,1525079700,1525100400,DSS-55
19.0,2018,1525704300,1525711500,DSS-55
19.0,2018,1525767000,1525791600,DSS-55
20.0,2018,1526458500,1526481300,DSS-55
21.0,2018,1526889600,1526914800,DSS-55
21.0,2018,1526977500,1527001200,DSS-55
21.0,2018,1527033600,1527070500,DSS-55
22.0,2018,1527840000,1527865200,DSS-55
22.0,2018,1528020900,1528091700,DSS-55
23.0,2018,1528357200,1528382400,DSS-55
24.0,2018,1528801200,1528814700,DSS-55
24.0,2018,1528873200,1528896600,DSS-55
24.0,2018,1528960800,1528986900,DSS-55
25.0,2018,1529305200,1529334000,DSS-55
25.0,2018,1529419500,1529426700,DSS-55
25.0,2018,1529557200,1529597100,DSS-55
26.0,2018,1530024300,1530038700,DSS-55
26.0,2018,1530082800,1530111600,DSS-55
27.0,2018,1530687600,1530712800,DSS-55
27.0,2018,1530770100,1530792000,DSS-55
28.0,2018,1531292400,1531327500,DSS-55
28.0,2018,1531382400,1531384800,DSS-55
28.0,2018,1531541400,1531557300,DSS-55
28.0,2018,1531589100,1531602000,DSS-55
29.0,2018,1531724400,1531749000,DSS-55
29.0,2018,1531803060,1531818300,DSS-55
29.0,2018,1531859700,1531923600,DSS-55
29.0,2018,1531953000,1531981800,DSS-55
29.0,2018,1532147400,1532161200,DSS-55
30.0,2018,1532443500,1532450700,DSS-55
30.0,2018,1532500200,1532530800,DSS-55
30.0,2018,1532833800,1532866200,DSS-55
31.0,2018,1533105000,1533133800,DSS-55
31.0,2018,1533477300,1533506700,DSS-55
32.0,2018,1533563400,1533591600,DSS-55
32.0,2018,1533882600,1533911400,DSS-55
32.0,2018,1534017600,1534023900,DSS-55
33.0,2018,1534141800,1534172400,DSS-55
33.0,2018,1534487400,1534518000,DSS-55
34.0,2018,1534862700,1534869900,DSS-55
34.0,2018,1534919400,1534946400,DSS-55
35.0,2018,1535524200,1535553000,DSS-55
36.0,2018,1536027300,1536059700,DSS-55
36.0,2018,1536129000,1536159600,DSS-55
36.0,2018,1536367500,1536389700,DSS-55
37.0,2018,1536733800,1536756600,DSS-55
37.0,2018,1536811200,1536818400,DSS-55
38.0,2018,1537281900,1537296300,DSS-55
38.0,2018,1537338600,1537359000,DSS-55
38.0,2018,1537689900,1537703400,DSS-55
39.0,2018,1537768800,1537789200,DSS-55
39.0,2018,1537943400,1537972200,DSS-55
40.0,2018,1538375400,1538400000,DSS-55
41.0,2018,1538980200,1539001800,DSS-55
41.0,2018,1539068400,1539111600,DSS-55
42.0,2018,1539585000,1539586800,DSS-55
42.0,2018,1539882000,1539903600,DSS-55
43.0,2018,1540189800,1541063400,DSS-55
44.0,2018,1541076300,1541201400,DSS-55
45.0,2018,1541719500,1541744700,DSS-55
46.0,2018,1542180600,1542202800,DSS-55
47.0,2018,1542699000,1542727800,DSS-55
48.0,2018,1543303800,1543332600,DSS-55
48.0,2018,1543388400,1543404900,DSS-55
48.0,2018,1543449000,1543481400,DSS-55
48.0,2018,1543502700,1543509900,DSS-55
48.0,2018,1543561200,1543577400,DSS-55
49.0,2018,1543820400,1543842600,DSS-55
49.0,2018,1544067000,1544081400,DSS-55
50.0,2018,1544513400,1544540400,DSS-55
50.0,2018,1544774400,1544785500,DSS-55
50.0,2018,1544930100,1545023700,DSS-55
51.0,2018,1545031800,1545060600,DSS-55
51.0,2018,1545087600,1545114300,DSS-55
51.0,2018,1545202800,1545220200,DSS-55
51.0,2018,1545375600,1545386700,DSS-55
52.0,2018,1545809400,1545838200,DSS-55
1.0,2018,1514966400,1514995200,DSS-63
1.0,2018,1515058200,1515081600,DSS-63
2.0,2018,1515609300,1515643200,DSS-63
2.0,2018,1515660300,1515686400,DSS-63
2.0,2018,1515696300,1515725700,DSS-63
3.0,2018,1516176000,1516204800,DSS-63
3.0,2018,1516215000,1516246500,DSS-63
3.0,2018,1516266000,1516291200,DSS-63
4.0,2018,1516718700,1516725900,DSS-63
4.0,2018,1516780800,1516809600,DSS-63
4.0,2018,1516870800,1516896000,DSS-63
4.0,2018,1516928400,1516957200,DSS-63
4.0,2018,1517101200,1517130000,DSS-63
5.0,2018,1517299200,1517324400,DSS-63
5.0,2018,1517472000,1517500800,DSS-63
6.0,2018,1517942700,1517969700,DSS-63
6.0,2018,1518084000,1518105600,DSS-63
7.0,2018,1518507000,1518539400,DSS-63
7.0,2018,1518550200,1518573000,DSS-63
7.0,2018,1518591600,1518624000,DSS-63
7.0,2018,1518636600,1518659100,DSS-63
7.0,2018,1518679800,1518712200,DSS-63
8.0,2018,1519069200,1519089900,DSS-63
8.0,2018,1519200000,1519228800,DSS-63
8.0,2018,1519286400,1519311600,DSS-63
8.0,2018,1519339500,1519353900,DSS-63
34.0,2018,1534779000,1534824900,DSS-63
38.0,2018,1537180800,1537196100,DSS-63
38.0,2018,1537205400,1537228800,DSS-63
38.0,2018,1537235700,1537242300,DSS-63
38.0,2018,1537298100,1537316400,DSS-63
38.0,2018,1537376400,1537403700,DSS-63
38.0,2018,1537461300,1537477200,DSS-63
38.0,2018,1537531200,1537548300,DSS-63
38.0,2018,1537581000,1537605300,DSS-63
38.0,2018,1537638900,1537656000,DSS-63
39.0,2018,1538175600,1538184600,DSS-63
40.0,2018,1538521800,1538548200,DSS-63
40.0,2018,1538634600,1538660700,DSS-63
40.0,2018,1538692500,1538708100,DSS-63
40.0,2018,1538785200,1538801400,DSS-63
40.0,2018,1538871600,1538888100,DSS-63
40.0,2018,1538956200,1538988300,DSS-63
41.0,2018,1539068400,1539111600,DSS-63
41.0,2018,1539153000,1539177300,DSS-63
41.0,2018,1539229500,1539237600,DSS-63
41.0,2018,1539305100,1539324000,DSS-63
41.0,2018,1539397500,1539410400,DSS-63
42.0,2018,1539740400,1539754200,DSS-63
42.0,2018,1539844200,1539873000,DSS-63
42.0,2018,1539882000,1539903600,DSS-63
42.0,2018,1539908100,1539928200,DSS-63
42.0,2018,1539996900,1540014300,DSS-63
42.0,2018,1540087200,1540113300,DSS-63
43.0,2018,1540174500,1540202100,DSS-63
43.0,2018,1540268400,1540289100,DSS-63
43.0,2018,1540437900,1540449000,DSS-63
43.0,2018,1540519500,1540532100,DSS-63
43.0,2018,1540535400,1540557300,DSS-63
43.0,2018,1540603800,1540618500,DSS-63
44.0,2018,1540857600,1540888200,DSS-63
44.0,2018,1541031900,1541049900,DSS-63
44.0,2018,1541122500,1541172600,DSS-63
45.0,2018,1541460300,1541487300,DSS-63
45.0,2018,1541632800,1541691000,DSS-63
46.0,2018,1541983500,1542008100,DSS-63
46.0,2018,1542252600,1542290400,DSS-63
46.0,2018,1542324900,1542353700,DSS-63
46.0,2018,1542505500,1542517200,DSS-63
47.0,2018,1542586500,1542612000,DSS-63
47.0,2018,1542680700,1542689700,DSS-63
47.0,2018,1542846600,1542892500,DSS-63
48.0,2018,1543281300,1543301400,DSS-63
48.0,2018,1543456500,1543509900,DSS-63
48.0,2018,1543546200,1543560000,DSS-63
48.0,2018,1543705800,1543718400,DSS-63
48.0,2018,1543792200,1543809300,DSS-63
49.0,2018,1543977000,1544022300,DSS-63
49.0,2018,1544051100,1544059800,DSS-63
49.0,2018,1544067000,1544081400,DSS-63
50.0,2018,1544483100,1544511600,DSS-63
50.0,2018,1544569500,1544593800,DSS-63
50.0,2018,1544686200,1544711400,DSS-63
51.0,2018,1545087900,1545110700,DSS-63
51.0,2018,1545260400,1545283200,DSS-63
51.0,2018,1545291000,1545319800,DSS-63
1.0,2018,1514970000,1514995200,DSS-65
1.0,2018,1515194700,1515209100,DSS-65
2.0,2018,1515488400,1515513600,DSS-65
2.0,2018,1515881100,1515895500,DSS-65
3.0,2018,1516093200,1516118400,DSS-65
3.0,2018,1516410900,1516425300,DSS-65
4.0,2018,1516698000,1516725900,DSS-65
5.0,2018,1517299200,1517324400,DSS-65
5.0,2018,1517619000,1517633400,DSS-65
6.0,2018,1517824800,1517846400,DSS-65
7.0,2018,1518533100,1518540300,DSS-65
7.0,2018,1518768000,1518796800,DSS-65
8.0,2018,1519113600,1519138800,DSS-65
8.0,2018,1519339500,1519353900,DSS-65
9.0,2018,1519804800,1519826400,DSS-65
10.0,2018,1520277300,1520286300,DSS-65
10.0,2018,1520347500,1520354700,DSS-65
10.0,2018,1520420400,1520434800,DSS-65
10.0,2018,1520709000,1520723400,DSS-65
11.0,2018,1520932500,1520955300,DSS-65
11.0,2018,1521019800,1521041400,DSS-65
11.0,2018,1521236700,1521258300,DSS-65
11.0,2018,1521315900,1521336600,DSS-65
12.0,2018,1521792900,1521814500,DSS-65
13.0,2018,1522146000,1522160400,DSS-65
14.0,2018,1522830600,1522867500,DSS-65
14.0,2018,1523157300,1523171700,DSS-65
15.0,2018,1523343600,1523371800,DSS-65
15.0,2018,1523434200,1523458800,DSS-65
16.0,2018,1523955600,1523977200,DSS-65
16.0,2018,1524036600,1524063600,DSS-65
16.0,2018,1524259200,1524272400,DSS-65
17.0,2018,1524645600,1524666000,DSS-65
18.0,2018,1525334400,1525356000,DSS-65
18.0,2018,1525636800,1525651200,DSS-65
19.0,2018,1525704300,1525711500,DSS-65
19.0,2018,1525856400,1525878000,DSS-65
20.0,2018,1526544600,1526565900,DSS-65
21.0,2018,1527033600,1527055200,DSS-65
21.0,2018,1527063600,1527082200,DSS-65
22.0,2018,1527578100,1527603300,DSS-65
22.0,2018,1527954600,1527969000,DSS-65
23.0,2018,1528098600,1528124400,DSS-65
23.0,2018,1528184700,1528209900,DSS-65
24.0,2018,1528790700,1528815600,DSS-65
24.0,2018,1529200500,1529280900,DSS-65
25.0,2018,1529391600,1529412000,DSS-65
25.0,2018,1529419500,1529426700,DSS-65
25.0,2018,1529682900,1529683800,DSS-65
26.0,2018,1529996400,1530038700,DSS-65
26.0,2018,1530054900,1530063300,DSS-65
26.0,2018,1530468900,1530483300,DSS-65
27.0,2018,1530514800,1530543600,DSS-65
27.0,2018,1530601200,1530622800,DSS-65
27.0,2018,1530729300,1530741000,DSS-65
27.0,2018,1531022700,1531041600,DSS-65
28.0,2018,1531207200,1531234800,DSS-65
28.0,2018,1531320300,1531327500,DSS-65
28.0,2018,1531401300,1531403100,DSS-65
29.0,2018,1531812900,1531836900,DSS-65
30.0,2018,1532413800,1532450700,DSS-65
30.0,2018,1532780100,1532794500,DSS-65
31.0,2018,1532932200,1532961000,DSS-65
31.0,2018,1533138600,1533153600,DSS-65
31.0,2018,1533191400,1533220200,DSS-65
31.0,2018,1533231900,1533246900,DSS-65
32.0,2018,1533625200,1533646800,DSS-65
33.0,2018,1534228200,1534257000,DSS-65
33.0,2018,1534557900,1534589700,DSS-65
34.0,2018,1534833000,1534856700,DSS-65
34.0,2018,1534862700,1534869900,DSS-65
34.0,2018,1535276100,1535290500,DSS-65
35.0,2018,1535437800,1535466300,DSS-65
36.0,2018,1536042600,1536067800,DSS-65
36.0,2018,1536145200,1536159600,DSS-65
37.0,2018,1536647400,1536671400,DSS-65
37.0,2018,1536811200,1536818400,DSS-65
37.0,2018,1536993600,1537006200,DSS-65
38.0,2018,1537252200,1537281000,DSS-65
38.0,2018,1537281900,1537296300,DSS-65
38.0,2018,1537581300,1537605300,DSS-65
39.0,2018,1537857000,1537885800,DSS-65
40.0,2018,1538461800,1538483400,DSS-65
41.0,2018,1539068400,1539111600,DSS-65
41.0,2018,1539239400,1539266400,DSS-65
42.0,2018,1539585000,1539608100,DSS-65
42.0,2018,1539882000,1539903600,DSS-65
42.0,2018,1540020300,1540034700,DSS-65
42.0,2018,1540071600,1540135200,DSS-65
43.0,2018,1540251300,1540279200,DSS-65
43.0,2018,1540362600,1540381500,DSS-65
44.0,2018,1540877400,1540900500,DSS-65
44.0,2018,1541143800,1541166600,DSS-65
45.0,2018,1541581500,1541600100,DSS-65
46.0,2018,1542353400,1542375000,DSS-65
47.0,2018,1542612600,1542640200,DSS-65
47.0,2018,1543127100,1543141500,DSS-65
48.0,2018,1543502700,1543509900,DSS-65
48.0,2018,1543563000,1543588200,DSS-65
49.0,2018,1543961400,1543973100,DSS-65
49.0,2018,1544067000,1544081400,DSS-65
49.0,2018,1544137800,1544167200,DSS-65
49.0,2018,1544167800,1544196600,DSS-65
50.0,2018,1544774400,1544792700,DSS-65
50.0,2018,1544854800,1544869200,DSS-65
51.0,2018,1545377400,1545406200,DSS-65
52.0,2018,1545691800,1545723300,DSS-65
52.0,2018,1545982200,1546011000,DSS-65
